n,rep,m,status,MSE,sup,l2,time_ms
3,0,200,attempt,,,,
3,0,200,ok,0.0023162635050877536,0.07517772663555827,0.0501095881591331,2.8302330028964207
3,1,200,attempt,,,,
3,1,200,ok,0.004469067932325814,0.12947409552889655,0.06760596894304441,2.2343789896694943
3,2,200,attempt,,,,
3,2,200,ok,0.0013381905326143016,0.08090084073563863,0.05031406930865252,1.9930479902541265
3,3,200,attempt,,,,
3,3,200,ok,0.002132422060959145,0.07549034437412017,0.05064254746884887,2.1733070025220513
3,4,200,attempt,,,,
3,4,200,ok,0.003205858705600807,0.12523981401902506,0.06693646756803054,2.1371080074459314
3,5,200,attempt,,,,
3,5,200,ok,0.002168179279728124,0.09732981837730886,0.056801610456542084,2.0013929897686467
3,6,200,attempt,,,,
3,6,200,ok,0.0027412428562834145,0.11282487678695835,0.060494939787587874,2.287556999363005
3,7,200,attempt,,,,
3,7,200,ok,0.002801028929173099,0.11330622157231846,0.05958430512670073,1.9900549959857017
3,8,200,attempt,,,,
3,8,200,ok,0.0019941391503990945,0.17025103534181119,0.09260069012987016,2.1266850089887157
3,9,200,attempt,,,,
3,9,200,ok,0.0026879352568536003,0.07977474441539306,0.052261040228397615,1.9757919944822788
4,0,320,attempt,,,,
4,0,320,ok,0.0004172581740153153,0.04244580396465436,0.02262969209430085,3.87103199318517
4,1,320,attempt,,,,
4,1,320,ok,0.000604791309185359,0.051660006983164086,0.025303204936777925,3.900188996340148
4,2,320,attempt,,,,
4,2,320,ok,0.0005905339353162656,0.04853271316592056,0.02373066184922515,3.3034469961421564
4,3,320,attempt,,,,
4,3,320,ok,0.000368020704138588,0.046153220127799766,0.023039906853326162,3.413384998566471
4,4,320,attempt,,,,
4,4,320,ok,0.0002759496959839101,0.06441211779083372,0.02995021762482105,3.276258008554578
4,5,320,attempt,,,,
4,5,320,ok,0.0006579506323076939,0.051541556151355084,0.024438141502795427,3.3911489881575108
4,6,320,attempt,,,,
4,6,320,ok,0.0003589955667619688,0.06888842190317718,0.032310594872008165,3.5945940035162494
4,7,320,attempt,,,,
4,7,320,ok,0.00044488332663747355,0.044003136664304776,0.022768198807559398,3.3473660005256534
4,8,320,attempt,,,,
4,8,320,ok,0.0008167592830567894,0.07090007239132856,0.033590272007753184,3.58718799543567
4,9,320,attempt,,,,
4,9,320,ok,0.000544684582893047,0.06271425724660173,0.029200780555948432,3.552302994648926
5,0,500,attempt,,,,
5,0,500,ok,0.00029177747754090803,0.06507463485731901,0.03259105141785225,6.488918006652966
5,1,500,attempt,,,,
5,1,500,ok,0.00048807656221409347,0.03748073674621544,0.02169867779368865,6.9984430010663345
5,2,500,attempt,,,,
5,2,500,ok,0.0003727373464246074,0.04290680769095789,0.024098330375481793,6.452748988522217
5,3,500,attempt,,,,
5,3,500,ok,0.0003448861977576581,0.09746047118232154,0.05157155633279648,7.7510320115834475
5,4,500,attempt,,,,
5,4,500,ok,0.0004017297530617749,0.04028783962078342,0.022776716201755923,7.102016999851912
5,5,500,attempt,,,,
5,5,500,ok,0.00019657307415638347,0.061574820957942644,0.033702758528263516,6.901708999066614
5,6,500,attempt,,,,
5,6,500,ok,0.000285375741351785,0.044420052577727964,0.021699948487030638,6.917794002220035
5,7,500,attempt,,,,
5,7,500,ok,0.00046486319547254075,0.07224641823527334,0.04176491088569648,8.098456004518084
5,8,500,attempt,,,,
5,8,500,ok,0.00032721753826067923,0.08378659187636334,0.04186026769416785,7.2370160050923005
5,9,500,attempt,,,,
5,9,500,ok,0.0003447898473373038,0.06603864160867334,0.029802206301426225,6.165126993437298
6,0,720,attempt,,,,
6,0,720,ok,0.000306600141160811,0.04912171476590532,0.021843994038085117,9.57802300399635
6,1,720,attempt,,,,
6,1,720,ok,0.0002947405406171656,0.04807282396778312,0.021754237825231688,9.208210001816042
6,2,720,attempt,,,,
6,2,720,ok,0.00034840678134652963,0.030166196771317433,0.018336251879362348,9.353407003800385
6,3,720,attempt,,,,
6,3,720,ok,0.00018522981820156154,0.0560234120552805,0.027219797366747855,9.589127992512658
6,4,720,attempt,,,,
6,4,720,ok,0.00037478522422552295,0.06592732323887307,0.029593827812228895,9.287036999012344
6,5,720,attempt,,,,
6,5,720,ok,0.00020730926976327677,0.04608872521946572,0.02387338521199006,9.36770900443662
6,6,720,attempt,,,,
6,6,720,ok,0.00032178430829262107,0.07008836039128108,0.03592676827050233,9.243877997505479
6,7,720,attempt,,,,
6,7,720,ok,0.0001930502990819942,0.04748858736969641,0.02500864063673448,9.317114992882125
6,8,720,attempt,,,,
6,8,720,ok,0.00028826235346653746,0.058249161979947894,0.02615142860026893,9.125099997618236
6,9,720,attempt,,,,
6,9,720,ok,0.00024406539531339808,0.05850635563369516,0.028638499687548852,9.053347996086814
7,0,980,attempt,,,,
7,0,980,ok,0.0002163129906310845,0.03307234509182222,0.015340082806141795,12.271212006453425
7,1,980,attempt,,,,
7,1,980,ok,0.00014930686729935713,0.03666745564221785,0.017720644522789177,12.413184987963177
7,2,980,attempt,,,,
7,2,980,ok,7.865503580527499e-05,0.05066787548415996,0.028450554467525195,13.589319001766853
7,3,980,attempt,,,,
7,3,980,ok,0.0001776758551244972,0.04286927887078679,0.020868124292280715,12.699158003670163
7,4,980,attempt,,,,
7,4,980,ok,0.00015229804696473753,0.03290785944456054,0.01751723384025652,12.994196004001424
7,5,980,attempt,,,,
7,5,980,ok,0.0001767899750139702,0.04329098590233349,0.0191232718586746,12.217972005601041
7,6,980,attempt,,,,
7,6,980,ok,9.517670887159944e-05,0.034792089998109677,0.01638665738061449,12.300396003411151
7,7,980,attempt,,,,
7,7,980,ok,0.0002129151957758482,0.0340533092669939,0.017353228743471064,12.784114995156415
7,8,980,attempt,,,,
7,8,980,ok,0.0001363244963114555,0.03294869020399327,0.016674735420416645,13.809708005283028
7,9,980,attempt,,,,
7,9,980,ok,0.00018373318069193168,0.04288038625055274,0.020082798618301832,13.492717000190169
8,0,1280,attempt,,,,
8,0,1280,ok,5.891044888878122e-05,0.0242665787883527,0.01054994015500472,19.063636995269917
8,1,1280,attempt,,,,
8,1,1280,ok,7.635163211989437e-05,0.05703552838427872,0.029894809193750545,23.597302002599463
8,2,1280,attempt,,,,
8,2,1280,ok,6.419510095356325e-05,0.031261776415409115,0.015378414230735387,18.837522991816513
8,3,1280,attempt,,,,
8,3,1280,ok,6.395080318029894e-05,0.02247529915738672,0.011320562717290237,18.583227996714413
8,4,1280,attempt,,,,
8,4,1280,ok,7.078798592670749e-05,0.03978004929810758,0.019888192699330093,20.60173799691256
8,5,1280,attempt,,,,
8,5,1280,ok,7.201249055751751e-05,0.028872194057251277,0.012906148024304944,22.461528002168052
8,6,1280,attempt,,,,
8,6,1280,ok,7.737985029560978e-05,0.027192966081422076,0.01295984919998511,18.445073001203127
8,7,1280,attempt,,,,
8,7,1280,ok,5.027488383584174e-05,0.03562096221342781,0.015057318778250886,21.010761003708467
8,8,1280,attempt,,,,
8,8,1280,ok,0.0001155671716838919,0.02158112257029765,0.010220715310801992,20.138104009674862
8,9,1280,attempt,,,,
8,9,1280,ok,0.00011841723170038312,0.024962665513106386,0.01255067628704174,18.47832600469701
10,0,2000,attempt,,,,
10,0,2000,ok,8.152883980738369e-05,0.028115428132892473,0.012524301117028583,33.64465499180369
10,1,2000,attempt,,,,
10,1,2000,ok,5.016609383577843e-05,0.03358912205828363,0.01706802730252888,32.49271398817655
10,2,2000,attempt,,,,
10,2,2000,ok,5.332011864307841e-05,0.022366455266959795,0.0129301178701903,35.72555599384941
10,3,2000,attempt,,,,
10,3,2000,ok,6.219638332438951e-05,0.025518812585700656,0.010663751056238069,34.5184260077076
10,4,2000,attempt,,,,
10,4,2000,ok,6.321643779883275e-05,0.02254823515700133,0.010672571168744564,34.39332799462136
10,5,2000,attempt,,,,
10,5,2000,ok,6.478610396585277e-05,0.032991434222281846,0.01480456067214135,34.99907300283667
10,6,2000,attempt,,,,
10,6,2000,ok,5.4574510266303586e-05,0.019543280720718093,0.010047041179708128,35.00852499564644
10,7,2000,attempt,,,,
10,7,2000,ok,5.1644018747233436e-05,0.028542782507750164,0.011705145531222785,36.89291900082026
10,8,2000,attempt,,,,
10,8,2000,ok,6.129266697334203e-05,0.030211494672148564,0.01195640409862762,35.77435300394427
10,9,2000,attempt,,,,
10,9,2000,ok,7.234381747406448e-05,0.03847046092314327,0.021625400252371547,34.93303099821787
13,0,3380,attempt,,,,
13,0,3380,ok,2.4364746512877382e-05,0.0317497395119386,0.014832582648431321,85.79838500008918
13,1,3380,attempt,,,,
13,1,3380,ok,2.0399076153842725e-05,0.015107836362056815,0.007484973428046632,79.86645300115924
13,2,3380,attempt,,,,
13,2,3380,ok,1.9326816423318952e-05,0.013386587687974238,0.006309787547577978,77.7525130106369
13,3,3380,attempt,,,,
13,3,3380,ok,1.5507308133264664e-05,0.011239036287573112,0.005759405389837791,78.95818700490054
13,4,3380,attempt,,,,
13,4,3380,ok,1.9316669189502734e-05,0.020520123090698672,0.009596977827715448,76.13985000352841
13,5,3380,attempt,,,,
13,5,3380,ok,1.3627848398653243e-05,0.023798743456378835,0.010883164957011403,80.18438798899297
13,6,3380,attempt,,,,
13,6,3380,ok,2.2110921377663822e-05,0.0200628337087852,0.009720999975730322,75.51280398911331
13,7,3380,attempt,,,,
13,7,3380,ok,1.4730489573892575e-05,0.015572419618309019,0.008033859110099132,79.28062899736688
13,8,3380,attempt,,,,
13,8,3380,ok,2.3132318719927767e-05,0.022466817391962768,0.011838654868859242,74.89504700060934
13,9,3380,attempt,,,,
13,9,3380,ok,1.1504455350500153e-05,0.013844079956529809,0.006069148396806788,75.86950199038256
16,0,5120,attempt,,,,
16,0,5120,ok,1.0121617702730054e-05,0.016353576628603816,0.00771617977039853,126.75700600084383
16,1,5120,attempt,,,,
16,1,5120,ok,7.985904641272708e-06,0.014243305192638056,0.007244826315771073,130.84745800006203
16,2,5120,attempt,,,,
16,2,5120,ok,1.1986216735371072e-05,0.013411858684817313,0.005058391559631523,136.14677799341734
16,3,5120,attempt,,,,
16,3,5120,ok,9.145822368124249e-06,0.010276013462697575,0.005381267529997349,126.6149329894688
16,4,5120,attempt,,,,
16,4,5120,ok,1.4590514484026786e-05,0.013410452599946332,0.005686563629292792,127.11383399437182
16,5,5120,attempt,,,,
16,5,5120,ok,1.2397474948864297e-05,0.012053523928118648,0.0066534669345904626,126.31752999732271
16,6,5120,attempt,,,,
16,6,5120,ok,1.0764349111473607e-05,0.02678965938284894,0.014045314885897053,125.16056699678302
16,7,5120,attempt,,,,
16,7,5120,ok,1.1405400875035298e-05,0.011069130616905065,0.00522533738634131,126.34291900030803
16,8,5120,attempt,,,,
16,8,5120,ok,1.230764532961277e-05,0.01414231782454256,0.005412462151799452,134.1412460024003
16,9,5120,attempt,,,,
16,9,5120,ok,1.2149337482969464e-05,0.019724188098665163,0.00875139237782269,125.63222700555343
19,0,7220,attempt,,,,
19,0,7220,ok,5.586841714738966e-06,0.010923329356449796,0.005148307974506317,193.64779999887105
19,1,7220,attempt,,,,
19,1,7220,ok,5.740069211832082e-06,0.015073660172671977,0.00901115199504877,206.42003099783324
19,2,7220,attempt,,,,
19,2,7220,ok,7.5573032783152215e-06,0.013911072682918801,0.007451639732697087,205.0564340024721
19,3,7220,attempt,,,,
19,3,7220,ok,6.573803319382578e-06,0.009074387551837704,0.00398604096264151,221.8973900016863
19,4,7220,attempt,,,,
19,4,7220,ok,5.9634513580510995e-06,0.008673764722740951,0.0038632135733738114,206.50555900647305
19,5,7220,attempt,,,,
19,5,7220,ok,5.130739176001043e-06,0.014925926258701483,0.006655722182229315,206.75474300514907
19,6,7220,attempt,,,,
19,6,7220,ok,5.150940383384565e-06,0.008796331276745062,0.0034942269804769137,199.63929800724145
19,7,7220,attempt,,,,
19,7,7220,ok,5.267547440379537e-06,0.008422839716502262,0.004341168896810174,202.3054610035615
19,8,7220,attempt,,,,
19,8,7220,ok,6.952913066830803e-06,0.011583431034280722,0.005009029401721245,210.65114600060042
19,9,7220,attempt,,,,
19,9,7220,ok,5.71864859658336e-06,0.009269613447093872,0.004898175770825627,215.0244110089261
24,0,11520,attempt,,,,
24,0,11520,ok,3.200433553647132e-06,0.009725263545170448,0.004012689462366454,420.74780499388
24,1,11520,attempt,,,,
24,1,11520,ok,2.532925739153905e-06,0.0076479919453518175,0.003096974189689875,407.9502669919748
24,2,11520,attempt,,,,
24,2,11520,ok,2.87237429579159e-06,0.009066362640029468,0.00347100656035119,418.8461829908192
24,3,11520,attempt,,,,
24,3,11520,ok,2.893165864099365e-06,0.014472255934156297,0.007239670987468512,401.3032209913945
24,4,11520,attempt,,,,
24,4,11520,ok,2.1708806086978707e-06,0.008416828087470907,0.003193138399313292,406.68713201011997
24,5,11520,attempt,,,,
24,5,11520,ok,2.7909201860398592e-06,0.01279094372790901,0.005667772473097286,420.4554510070011
24,6,11520,attempt,,,,
24,6,11520,ok,3.85191281228487e-06,0.006002459592499787,0.0028265137400810786,430.3226999909384
24,7,11520,attempt,,,,
24,7,11520,ok,2.7685309267171773e-06,0.017353386775578905,0.008663077240129357,409.04210699955
24,8,11520,attempt,,,,
24,8,11520,ok,3.4144360368074318e-06,0.00851625192149702,0.003380329267990497,405.4098869964946
24,9,11520,attempt,,,,
24,9,11520,ok,3.3943550267919544e-06,0.00944354728786323,0.004523033440860785,401.04170399717987
29,0,16820,attempt,,,,
29,0,16820,ok,1.5010965674449672e-06,0.0047529396571794336,0.0026944808826451228,661.2815569969825
29,1,16820,attempt,,,,
29,1,16820,ok,1.457187094991027e-06,0.006702641806102694,0.0032904856085008262,644.3379270058358
29,2,16820,attempt,,,,
29,2,16820,ok,1.457281890401427e-06,0.007814479752168424,0.0031133595574596258,644.6531359979417
29,3,16820,attempt,,,,
29,3,16820,ok,1.5290111619915396e-06,0.006217073794429928,0.002750977394529529,707.0101240096847
29,4,16820,attempt,,,,
29,4,16820,ok,1.8768105483559604e-06,0.008370911806742987,0.0033262674586875133,655.8149539923761
29,5,16820,attempt,,,,
29,5,16820,ok,1.3406399463603903e-06,0.01492847455604479,0.0077653738839934825,652.556592001929
29,6,16820,attempt,,,,
29,6,16820,ok,1.348177066166711e-06,0.007910938512847077,0.0031879786109301426,696.1980479973136
29,7,16820,attempt,,,,
29,7,16820,ok,1.6132428158496654e-06,0.0074094513170117615,0.0032296378588752,907.4107769993134
29,8,16820,attempt,,,,
29,8,16820,ok,1.8164664212531283e-06,0.006116314694483926,0.003688221948177346,718.2398200093303
29,9,16820,attempt,,,,
29,9,16820,ok,1.0930797475030915e-06,0.008860554863774128,0.004388031343108534,639.248649997171
36,0,25920,attempt,,,,
36,0,25920,ok,8.871132680376953e-07,0.007240864494993116,0.0034210945254339697,1316.4815539930714
36,1,25920,attempt,,,,
36,1,25920,ok,8.199549896497981e-07,0.007429837741915302,0.0032298050646463613,1219.4881370087387
36,2,25920,attempt,,,,
36,2,25920,ok,1.0608316964720928e-06,0.0051682524689710685,0.0020111665468434594,1490.6468150002183
36,3,25920,attempt,,,,
36,3,25920,ok,9.181955801121121e-07,0.004545361374505341,0.0020455750270282863,1248.3628479967592
36,4,25920,attempt,,,,
36,4,25920,ok,7.151939797074412e-07,0.003774345014463165,0.00234594914827638,1272.188778995769
36,5,25920,attempt,,,,
36,5,25920,ok,5.664340452767557e-07,0.0061579349890273916,0.003163162790086112,1253.4489399986342
36,6,25920,attempt,,,,
36,6,25920,ok,9.010888516050497e-07,0.007503861507084153,0.0038097762949028304,1228.041338006733
36,7,25920,attempt,,,,
36,7,25920,ok,7.535869127598632e-07,0.005665942655569134,0.0026193617939594205,1326.9890299998224
36,8,25920,attempt,,,,
36,8,25920,ok,1.083248192395827e-06,0.004835751865827631,0.0027494608426362204,1350.8715880016098
36,9,25920,attempt,,,,
36,9,25920,ok,6.653020570018442e-07,0.006017087557202483,0.0028684788021646145,1273.8037450035335
44,0,38720,attempt,,,,
44,0,38720,ok,3.8444726344198243e-07,0.004336181391593641,0.0020027795029221745,2239.465382997878
44,1,38720,attempt,,,,
44,1,38720,ok,4.168153886453001e-07,0.0035787688079568225,0.0018714135793904132,1985.5597540008603
44,2,38720,attempt,,,,
44,2,38720,ok,6.403737568567355e-07,0.0052288680403189125,0.002437196344703543,2067.1855980035616
44,3,38720,attempt,,,,
44,3,38720,ok,5.529993207886752e-07,0.0060856708049151775,0.0032668531374896457,2095.2450269978726
44,4,38720,attempt,,,,
44,4,38720,ok,4.913915693400359e-07,0.005117312325705559,0.00210036841980848,2422.421162991668
44,5,38720,attempt,,,,
44,5,38720,ok,4.290324767207451e-07,0.004999114339233224,0.0025308429454863274,2424.703002005117
44,6,38720,attempt,,,,
44,6,38720,ok,4.3312902841687196e-07,0.00457387650308938,0.0018109727698608351,2175.5181359912967
44,7,38720,attempt,,,,
44,7,38720,ok,4.741235221593187e-07,0.004702019614022057,0.002055119260819493,2127.034156001173
44,8,38720,attempt,,,,
44,8,38720,ok,4.899363321325366e-07,0.00585503827656042,0.00196397874671539,2051.8230840098113
44,9,38720,attempt,,,,
44,9,38720,ok,5.85120826123063e-07,0.002818685663685261,0.0015330317468239755,2105.5656090029515
54,0,58320,attempt,,,,
54,0,58320,ok,2.782204504857259e-07,0.0033539232660791396,0.0012807107855885118,5099.638471001526
54,1,58320,attempt,,,,
54,1,58320,ok,2.986740420014292e-07,0.0029472726954802297,0.001228344010155577,4538.615887999185
54,2,58320,attempt,,,,
54,2,58320,ok,3.269467946643652e-07,0.003086429560364423,0.0013713257245555478,3770.5756049981574
54,3,58320,attempt,,,,
54,3,58320,ok,2.2624651204988082e-07,0.003877748823397975,0.0014644312508408466,4498.921564008924
54,4,58320,attempt,,,,
54,4,58320,ok,2.390685190807272e-07,0.003415060788484303,0.0013103433762508606,4228.613507992122
54,5,58320,attempt,,,,
54,5,58320,ok,1.7842931911218134e-07,0.004067261081873663,0.0015066050325050202,4048.8157809886616
54,6,58320,attempt,,,,
54,6,58320,ok,2.6491042585147226e-07,0.003123210519433983,0.0012733200294182934,4438.702692001243
54,7,58320,attempt,,,,
54,7,58320,ok,3.284106686747643e-07,0.00593547053513821,0.0030112391108202607,4300.787070998922
54,8,58320,attempt,,,,
54,8,58320,ok,2.6605357660482814e-07,0.0026382295088888674,0.0011538394313728958,4382.013099995675
54,9,58320,attempt,,,,
54,9,58320,ok,2.14204450947863e-07,0.004345615856637897,0.0017168153510591089,4294.763872996555
66,0,87120,attempt,,,,
66,0,87120,ok,1.3864380692048155e-07,0.0025166125536673634,0.0009877973840212045,7081.061040007626
66,1,87120,attempt,,,,
66,1,87120,ok,1.3072515964833855e-07,0.0029620446980108683,0.0009468063823381992,7531.061357003637
66,2,87120,attempt,,,,
66,2,87120,ok,1.3615582015713187e-07,0.0023233313424250446,0.0010154667170249512,8112.432082998566
66,3,87120,attempt,,,,
66,3,87120,ok,1.6529559204476622e-07,0.0022386479165797946,0.0010000500497437635,7781.1893969919765
66,4,87120,attempt,,,,
66,4,87120,ok,1.1759875374946863e-07,0.0028967334172647075,0.0015327448362861566,7711.0230660036905
66,5,87120,attempt,,,,
66,5,87120,ok,1.2381632251450486e-07,0.002935732317945694,0.0013820452347132253,7785.117963008815
66,6,87120,attempt,,,,
66,6,87120,ok,1.3239356374086615e-07,0.0025229610874534236,0.0011995659680844155,7641.535277987714
66,7,87120,attempt,,,,
66,7,87120,ok,1.548992677141317e-07,0.0035328929794026243,0.0014434722680919478,7492.067519007833
66,8,87120,attempt,,,,
66,8,87120,ok,1.79713521578249e-07,0.0025873181062240347,0.0010434569158524374,7821.675498998957
66,9,87120,attempt,,,,
66,9,87120,ok,1.1652271065192273e-07,0.004693274270887948,0.0024644445791551436,7766.159500999493
81,0,131220,attempt,,,,
81,0,131220,ok,7.36912512353663e-08,0.002318992493849703,0.000941625105582245,12796.884248993592
81,1,131220,attempt,,,,
81,1,131220,ok,9.918885835796292e-08,0.002747430467618217,0.001172018633327874,12537.73493100016
81,2,131220,attempt,,,,
81,2,131220,ok,7.735557751942748e-08,0.0032509111329446228,0.0015562297085253186,12773.823896990507
81,3,131220,attempt,,,,
81,3,131220,ok,7.664943628090816e-08,0.004383430006405176,0.0023553154750653427,12721.607072991901
81,4,131220,attempt,,,,
81,4,131220,ok,8.68325956878304e-08,0.0019359290329593604,0.000697628973536252,12339.119491007295
81,5,131220,attempt,,,,
81,5,131220,ok,7.4383260805688e-08,0.002416852165006589,0.000798726768465342,12056.463436994818
81,6,131220,attempt,,,,
81,6,131220,ok,8.71524049079584e-08,0.0019042499408717384,0.0005883262290173752,12242.971258994658
81,7,131220,attempt,,,,
81,7,131220,ok,7.682926287237771e-08,0.0028402359906749552,0.0013146636960837134,12600.632147004944
81,8,131220,attempt,,,,
81,8,131220,ok,6.814549364340966e-08,0.003692934545878046,0.00187825456434226,12555.756438989192
81,9,131220,attempt,,,,
81,9,131220,ok,8.216038330393876e-08,0.003563681936776919,0.001718039004374964,13108.623502004775
100,0,200000,attempt,,,,
100,0,200000,ok,4.678257406590812e-08,0.00185233687731845,0.0009139520510928287,24192.176178999944
100,1,200000,attempt,,,,
100,1,200000,ok,4.342321255431005e-08,0.0014694238904896517,0.0008881459462745512,23050.978893006686
100,2,200000,attempt,,,,
100,2,200000,ok,4.825702978481273e-08,0.0024698831089631224,0.0010339261352244995,22649.925339996116
100,3,200000,attempt,,,,
100,3,200000,ok,4.425459858121871e-08,0.002750992562713772,0.0014794890391364164,23165.595409998787
100,4,200000,attempt,,,,
100,4,200000,ok,5.168308151963029e-08,0.0024140216002862536,0.001348545227875721,22924.46268699132
100,5,200000,attempt,,,,
100,5,200000,ok,4.787955722532278e-08,0.0015935098700269323,0.0007111791311452756,22677.167223999277
100,6,200000,attempt,,,,
100,6,200000,ok,5.3251503690451234e-08,0.001741234149082671,0.0007998663814730818,25055.484216994955
100,7,200000,attempt,,,,
100,7,200000,ok,5.11521661317205e-08,0.0036511420240493697,0.0022199738253936073,23096.245777007425
100,8,200000,attempt,,,,
100,8,200000,ok,4.408119378956304e-08,0.0012982661042164612,0.000540645138465917,22636.309831999824
100,9,200000,attempt,,,,
100,9,200000,ok,4.746101952697335e-08,0.0018839599307639565,0.0006951849024108489,23204.3374460045
